Pos	A	C	G	T
1	0.207725933055319	0.207725933055319	0.207725933055319	0.376822202367458
2	0.294503845052237	0.207725933055319	0.290044290370538	0.207725933055319
3	0.207725933055319	0.294503845052237	0.207725933055319	0.290044290370538
4	0.376822202367458	0.207725933055319	0.207725933055319	0.207725933055319
5	0.135211657381246	0.0447935885209469	0.127261025419976	0.692733730211245
6	0.0854795582071228	0.0879434482215358	0.21070528037015	0.615871714734605
7	0.909025288569089	0.000185548034675217	0.000185548034675217	0.0906036168949742
8	0.000185548034675217	0.914149347256941	0.000185548034675217	0.0854795582071228
9	0.784437106928197	0.0424596153627099	0.130643663879797	0.0424596153627099
10	0.608725027895451	0.127753625535157	0.0424596153627099	0.221061732740095
11	0.790153718546255	0.0424596153627099	0.0424596153627099	0.124927052261739
12	0.213111100778827	0.0424596153627099	0.127753625535157	0.61667565985672
13	0.293149860083942	0.296066221655307	0.205391959897082	0.205391959897082
