Pos	A	C	G	T
1	0.325082746857268	0.224972414224842	0.224972414224842	0.224972414224842
2	0.199037621031978	0.292245192207989	0.292036392665643	0.216680783626185
3	0.999348931574551	0.000217019319081487	0.000217019319081487	0.000217019319081487
4	0.485955420291534	0.513610530602098	0.000217019319081487	0.000217019319081487
5	0.000217019319081487	0.999348931574551	0.000217019319081487	0.000217019319081487
6	0.000217019319081487	0.000217019319081487	0.999348931574551	0.000217019319081487
7	0.000217019319081487	0.000217019319081487	0.613720863234525	0.385845087659105
8	0.000217019319081487	0.100327351951509	0.000217019319081487	0.899238598942122
9	0.441464872440619	0.122417843796775	0.216802582773707	0.219314690520694
10	0.445021297589046	0.151807063552847	0.251364564837054	0.151807063552847
