Pos	A	C	G	T
1	0.296955235627301	0.296800380790226	0.203122195863457	0.203122195863457
2	0.203122195863457	0.203122195863457	0.296800380790226	0.296955235627301
3	0.129575432503096	0.412763431516718	0.129575432503096	0.328085711621532
4	0.000192950462245634	0.999421156757706	0.000192950462245634	0.000192950462245634
5	0.000192950462245634	0.000192950462245634	0.999421156757706	0.000192950462245634
6	0.000192950462245634	0.000192950462245634	0.999421156757706	0.000192950462245634
7	0.000192950462245634	0.899031971341309	0.000192950462245634	0.100582135878642
8	0.999421156757706	0.000192950462245634	0.000192950462245634	0.000192950462245634
9	0.161248988062149	0.138038726921244	0.558929329831905	0.141782963329143
10	0.252005130602177	0.0470707566348999	0.0470707566348999	0.653853364272465
11	0.12061751999526	0.12061751999526	0.12061751999526	0.63814744815866
