Pos	A	C	G	T
1	0.254177221650881	0.375414874596077	0.138107414297175	0.232300489455868
2	0.185433486701686	0.524631575514804	0.100755446165255	0.189179491618255
3	0.0642597837218103	0.856568239907841	0.0180461792815943	0.0611257970887541
4	0.0761265867010286	0.918183781921989	0.000871445083245404	0.00481818629373732
5	3.50022816515851e-05	0.9999026944475	1.02573891956563e-06	6.12775319292538e-05
6	0.544525751222603	0.0615540244140046	0.372380147607403	0.0215400767559893
7	0.10107379256825	0.703347351909871	2.205647368505e-05	0.195556799048194
8	0.211245910835301	0.20094332619369	0.344820126627177	0.242990636343832
