Pos	A	C	G	T
1	0.200477652049075	0.200477652049075	0.200477652049075	0.398567044791308
2	0.260410815365392	0.0512430726210793	0.637103040330982	0.0512430726210793
3	0.0279752077144329	0.0279752077144329	0.402528557687417	0.541521027822249
4	0.541521027822249	0.402528557687417	0.0279752077144329	0.0279752077144329
5	8.96940834392127e-05	8.96940834392127e-05	8.96940834392127e-05	0.999730918688214
6	8.96940834392127e-05	8.96940834392127e-05	8.96940834392127e-05	0.999730918688214
7	0.999730918688214	8.96940834392127e-05	8.96940834392127e-05	8.96940834392127e-05
8	8.96940834392127e-05	0.888188864164239	0.111631748607414	8.96940834392127e-05
9	0.0496120422689979	0.0496120422689979	0.299023933897124	0.601751982503412
10	0.291918081323578	0.198846621696993	0.310388676220968	0.198846621696993
11	0.222114486603639	0.222114486603639	0.222114486603639	0.333656541127615
12	0.222114486603639	0.333656541127615	0.222114486603639	0.222114486603639
